0043baba-e379-487c-b66a-f68b7df2d2c8,train
007b6875-2cdd-48a6-81dc-5258ac63bc1f,test
00a9ae56-99a2-4ea9-8b6e-4fa2c09e87c2,train
00c272cd-96c0-4fe3-9ec6-645f81eefff0,test
01300a59-9d24-41c2-8686-4597ea661014,val
0132db10-c750-4628-9022-c4df401130da,train
018f9d98-4807-4268-9bcb-5f660ca15ff0,val
0213b7b2-d65f-4bfa-b332-93ef08a1a678,test
024e1009-ff0a-4306-9abb-08c0a1544a66,train
026ad6fb-49e0-4bb0-856a-008e3ef4f330,val
02927044-ad35-4d9a-b7bf-13a25a6c849d,train
02b7c190-5762-433c-a613-60a9b52c5de7,train
03b604d4-8a1e-4bd8-891b-452782575bba,train
03be41b3-5eab-433c-8cdf-9623709e4489,train
03c7789e-05a1-47b9-a56b-c286a88f41f7,val
03c89cc8-ea6f-4440-896b-de6990dc768f,train
03cfbc0a-fd33-4db4-a069-31d35b1cc602,test
0409fa68-c703-413a-9cd1-9a58cb5209fc,train
041ecd85-cdc2-4268-8358-7f0d85d73c89,train
043600d4-009b-442b-81c8-9b545f387c0b,train
04403575-be41-4bb4-b027-3fd2ba947a70,train
04428ff2-6b4d-47c5-a4ba-75debdb30d96,train
048daebd-1019-40f3-be7e-c552e27e6f87,train
04afa7bf-2511-4aa6-a900-47edd6450703,train
04c4b68a-6ba9-412e-86bf-eec73f0038fa,train
04df270a-8bff-45b0-af9b-a7149eb7fc6a,train
0537cb6b-cb48-43dc-854a-503fd27b85d0,train
058d493e-e720-4926-b808-1c592a8a363e,train
05a14f70-79dd-4bab-9108-1b20cb14037d,train
05eeaeab-e451-445f-8048-0e327f16f4d3,test
060a4e56-4ac7-4c03-a4bd-42b4e2d9d19c,test
06547614-1308-4f23-93e4-40c1bcd5e468,train
0780f063-8a05-48bb-9927-d6844adc788d,train
078e51b8-6414-41e1-b128-98c8684313e3,train
07a4657a-ba87-40b0-b4dd-c0ca762386aa,val
07b06fa1-693c-487d-a29d-98cef0370bcb,train
082a5c98-5bbb-478d-8101-21b7c4b6c204,train
0866c6c7-789f-4cdb-8a9f-7b267d60f2f5,train
087881c5-bdd7-4b4e-943a-61d2b50e64f8,train
08ef9197-4c45-472b-815f-e1927d9c9d69,train
090f7497-f383-4f47-9025-b86be9818a93,train
0915baba-5b2a-41a2-bb0e-9698b95fe408,train
093d4297-0fdc-49ed-9442-6dca5f5014d7,train
094eb823-cd2c-4cbd-9236-1a018f7c146b,train
095ff4a9-b378-46e0-aa9a-35551a710159,train
09674b31-32e1-470e-9f3b-d624111f8538,train
09683478-7a40-4cd6-898c-34424fb0ab6b,train
0a2272c3-c47c-45b6-9e0d-2e9e5f68e9ec,train
0a7fba70-4725-4ca4-8145-fce8b99014e3,train
0ac1f24e-9051-4955-bc2c-2a606033ebc8,train
0ae41d0d-26f5-4816-bfad-27cf90cb1b3f,val
0b014cf8-7f6a-4f8b-94d3-8f02df8f1647,test
0b4ad044-e995-4cd1-af1d-66e1d5026550,train
0b8b4271-1a70-411f-97fe-2d00dbaadd71,train
0b8e6f95-b13a-4a76-a40e-0379ab033830,train
0bb65ec6-a063-435a-ac11-9eef7d04c112,train
0bd3e171-d784-4d47-ae85-c556f7e91867,train
0bd61480-c5a3-4be7-b404-1029cae617f8,test
0be76f51-c31f-4570-80d4-762fc34bb4bc,train
0bfd5bb4-cd92-48c3-8716-8f2c24f13227,train
0c0cf77b-e93b-4a9a-abf2-7ec2a598978e,train
0c397839-8918-4347-8255-9fcf2f55e65d,train
0c47397c-4734-41a2-b275-e7b258d4958e,val
0c47a4a6-a20e-4321-9255-7b830fab203e,train
0c629159-3a57-4c4d-8774-0089b14d9685,train
0ca2c613-380e-4d69-b956-f0651b78f940,train
0ccb912f-b93e-4dbd-95c4-b1532b564d87,val
0ccc257f-b13d-4802-ba2c-dd3d607ffb23,train
0cd38745-c5ea-4e03-ab07-c448a7e81b5c,train
0cefc928-d470-42ed-b062-b8d9e3ab979e,train
0cf7601e-a6f9-438a-9bb8-eb24c5e51bc6,train
0d375a19-eda0-4bc1-ac5d-ecf5fcb74fce,train
0d99cc87-51b2-4420-85b1-ee298a7f9799,train
0dc699a3-5275-4c99-a3ad-620d03ece5c3,test
0dd08163-9816-4a0b-8fa6-3c589b4dc774,train
0ded1b5e-b2dc-437b-a9f8-50515cfe3093,train
0e1dd197-3a9b-4e70-8c0e-e384fda61693,test
0e332170-7d5d-4339-b04e-4e0e7c20c5ef,train
0ec85d76-eec3-4957-af5d-036986c16c20,train
0ed293d0-521b-4a00-ac41-3511c26871a3,train
0ee18a9c-6911-4cd4-8426-ecf0a129a472,train
0efb9eb7-7312-4d4a-a314-e1c9f0f90d92,train
0f00d6e5-b71b-45d1-a4b9-ae4b2058655a,val
0f132098-cc1b-4c23-89e0-2679bfb5cae8,train
0f1645ba-ec18-4e0b-8209-49bbe4dd729a,train
0f254f42-a33e-4dae-9f85-fcaaf078cc22,train
102d2eb6-f32b-457a-bf05-5717b432c4c7,train
109d5d50-c701-476c-9acd-7f9e2cef21d0,train
10f454f2-55a8-45fd-9fa4-675ef8eb0a08,train
11037764-3a8c-43c2-8dcf-dd626e3c601a,train
111984cb-fb1b-4138-af0f-a5a5c335af7c,train
1147fd39-f697-42bf-a8a9-98d7c8df2ced,train
122825d5-7f9b-4c5f-ae73-aaf30b33029a,train
1253033b-975c-46cc-9fbb-852ccf0b8696,train
1253cc46-9f36-443a-afbd-b95ae074241b,train
129ba753-8cc7-4e95-bfdb-1e96564ef9c4,test
12c085f5-94c1-4396-82fd-7bd45d9269e4,train
12e3c3da-0d57-4872-a7c8-5c35593fb9ee,train
130f21f1-640d-4bc5-811c-5d3764f13e90,train
1332cd84-b5bc-49b8-bc16-b14fc0e80a27,train
13495a46-e983-4858-b442-89e957578d5d,train
1358672d-02c8-413b-916b-7a6297d0518e,train
13621882-1adb-49b3-8426-53c22dbf89cc,val
137c0ff7-f0e4-4c59-9068-5204309dfade,train
14733f33-a9d8-48b9-b66f-faaf33a9d145,test
14f63777-67f4-4801-98d9-93d4b48ae201,train
15df4536-6f07-44f3-8167-723db1555e15,train
1621d6c9-2142-4055-9a52-125cc50f569f,train
167ec3bc-75c2-4fe0-85df-75b7798e6fc1,train
168dce6a-e806-441a-aef0-b59575240c50,train
16988f55-f109-4de7-803a-f13b343f9eaf,test
16c30b0b-092a-4cf6-958b-01d7a2368ad1,train
171ef4c3-19a5-4c81-a58c-7c4d165fcac3,train
1727c241-33cd-4172-a38b-9240ea4e57ca,test
179ca554-236d-41d9-82ba-4b57d4eea47d,train
17a35734-40d2-4ec2-bfd8-473bfe848b83,test
17b17339-b3ae-456c-a49c-26f6aa707a22,train
17c3cf44-16e9-4b94-a415-2854b5789993,train
17ddd0d2-a995-4a66-96f2-4f72f23e6fab,train
189736b9-86cf-4b37-8291-476e0ad681e0,train
18d0b08e-2993-4493-8c6f-c1636ee7d2ca,train
18e5ce5e-ca5a-45f0-95e4-4f10c448fdd4,train
196b382e-1447-41cf-9a08-4af20b3389bc,train
19e5395e-db1f-4bb8-a6bb-b4731ba26807,train
1a094b95-fd42-4df3-b4e2-8dbc187f6a62,train
1a2159e7-de5d-4c0f-b910-c0e90f5219bd,test
1a2c1786-4cbb-4955-a886-04df4c07bd49,train
1a382228-f470-43dc-afa8-a87299fb228d,train
1a4d0ef2-df3b-4499-ba01-695e8b0f59cc,train
1ab8c1cc-d1a1-402b-bd62-e9170cd612b7,train
1ad236c2-412d-42b5-804d-eafceb5ccb7e,train
1b31b1f3-13ca-43f2-8651-41d12af9e9fe,train
1b3c6fc5-8c3d-412f-a62f-22dcfc76a84d,val
1b57c98b-489c-4666-a9e3-792351df931b,train
1b7229b4-6764-4a52-8620-f923ddcb40ef,train
1bab7cdb-59d2-448c-b410-341ec36aeea5,train
1bb05ec2-46f8-40b1-908a-6c0ccaef3b0f,train
1bd0fe11-679e-425e-8b6e-252cc94489bc,train
1bd41632-7fbc-4942-87b7-90711d997555,train
1bfe47bb-308a-4086-b2ee-1ef03b5fa02a,train
1c0674c5-5d3c-42cf-8f66-11b76660ddcc,train
1c0ea90a-08dc-4b3b-9078-bdcd2b3a1350,train
1c11b9c3-51b7-4db7-b23c-3a25a5728013,train
1c155191-c5f3-4d65-8457-cb5ef793fbad,train
1c2942f6-6bd1-4dc7-ae1f-ebf292b0fa75,train
1c543ece-55fd-4960-ad42-f5cd1eec6b78,train
1c6ee6c3-9c75-49a7-9c52-d50dea318657,test
1c724b34-eca8-4296-b8bb-232f857818e4,train
1cacc45f-f0a7-44ff-973f-cce53032c165,train
1cad2ed7-9e53-436c-b19b-ec445183a7c5,train
1cbf62b1-ac7e-4f3f-bc22-96e17de07614,train
1d0ae2b6-ddfe-472e-9211-b0f4e75a2de5,train
1d82f310-2c9a-4d62-a389-6fbbe7e5c9a7,train
1d85920f-1869-4aa2-96f8-16f82803e42a,train
1db29b27-969f-45d0-b2e8-df2b17f6a891,val
1de5c57f-ebac-45c0-95fe-ca7d720ee05e,train
1dffe56a-7998-4190-ad36-001b6a3bef5d,test
1e26aebb-97e1-46cb-a5b9-7f7bb8d8a129,train
1e2e4177-8da7-4b27-94c5-efad6da6dd01,train
1e62c117-723c-484c-a839-e8aac692a299,train
1e831828-422b-434a-b2d0-6c25dd2be0ab,train
1ef084b1-480c-433f-88ce-280c408995ff,train
1ef82717-2486-4a6b-8534-5c9e4438ec7e,train
1efa128c-90de-4380-af05-caa14653c618,train
1f10823a-8356-4cc0-ae47-688b6baf07e0,train
1f5744bf-5e07-4284-81df-6aeba9d863f6,train
1f65c3be-2538-4420-aef5-80c1e1a5cd4e,train
1f938d74-2e00-4041-8a2b-f0f9bee8a286,train
1fca2d80-aa92-419b-9be3-90c40e9f365e,train
1fe793a3-a7c3-4ac9-afe9-4bbbf9e58285,val
2041c2e7-72d2-4f0c-9197-66cc66de4564,train
2082699d-16ae-44fc-a2fa-5abc79f2226e,val
208aded1-fd7b-4b4e-bce2-6faa59cc54b9,train
209cc3c7-ad41-48d0-890d-316a5f788476,train
20b3a80c-f015-4ecf-9a6e-f9fcc48800e8,val
211793e6-3952-479e-8b14-d00d956169fe,train
220e1321-1168-47b3-8984-543ea1a4c3a9,test
224ea550-1b5c-4b1d-b4eb-5ff801c4ac49,train
22628b88-5079-44d7-9645-59e8356d165b,val
2273cca7-3ffc-49b7-83ae-e706e196b20a,val
228e067d-dee7-4352-8a34-e60d7d76ca5f,train
22987291-b0e2-4cc1-b507-112fd1af863a,train
22bc523f-b593-46fb-822c-0581106eefad,train
22db3f9d-be4c-4e63-8a5a-41c75749c404,train
22eb9612-f8c2-4c6e-a624-cf80208a1cec,test
23548598-63b2-45a9-81fd-322e380f9acd,train
236cb5e3-619b-4292-bab2-c058524cc8a0,train
2372acf6-5231-450d-bbb3-9761f48ff60c,train
2396b7d2-636b-48fd-a879-e874bb471908,train
23a64a6b-bbf7-4675-9f29-db7a184ceac5,train
23bc0954-393e-478f-bb2a-8f75ce385124,val
2431365e-5caa-490b-8b29-b3e47b25eb72,test
2471d420-4f2e-445a-9dd3-38b460d449f3,train
249a1122-414b-4680-a578-4c6e011d12b0,train
252d0524-9033-4c9b-b711-9b53ecff11a2,train
252ffe74-a8e8-4644-8741-248776cecd8f,train
25f90e68-16c9-4c61-aecd-07506a66bb0d,train
261af3bf-f4b1-475f-a677-e83ed1ebdf2c,train
262f2078-a317-4c11-8a5c-8a24323fb86b,train
26476e5e-7a44-499a-a144-4bba9c426f1a,train
264a1baa-be37-4409-9439-ce5d503ccc2c,train
26511b38-e6f5-4083-91e1-edcd40f8eed3,train
265ea221-a98a-4323-832b-f9568282ba9d,train
2667dbc9-62c5-4793-8dd8-ad5ba027c7b1,train
26a0cdb8-ba45-40e4-8e05-0077b4c63ab3,val
26e34e37-53de-4406-b2ff-8c1f272680d0,train
26fa3fe2-9558-4d27-b8d5-04850944d5be,train
270ccb6e-bfc9-4391-913b-b80cdbb776cf,train
2713e549-9dc1-4763-856a-42c505cffd77,train
2720cebb-9023-4ab3-8bf2-aed0a67cde8b,train
2744bce5-e21d-443e-a819-fea882234622,train
27690a2f-0157-49e5-944e-a3644e7e21d8,test
276c3704-9045-41a4-ba43-da89030b4559,train
279dd8fe-085c-41d6-80d5-5bf7c5c49744,train
2822b841-896c-4915-9067-e0beb44ede22,train
2834a7a9-9ab9-411b-926a-f882781a0321,test
287e54a8-15d5-4748-84a9-1abccecdec77,train
28de7747-97e5-4558-9a3b-e603b939764e,test
2933ec19-afcb-425d-bee1-270eeb6ce9d7,val
2935a6cb-4c8d-4220-946c-6d41aa8cf5bd,train
2942d88c-f5f0-4101-9323-97d6d8dea3d3,train
29b88e9a-1996-4008-a598-97c71bb05791,train
29e0012c-c92e-4ebc-8b7a-a4ac4435c4b1,train
2a07ec93-3735-4fdd-b63c-7bcca7288a93,train
2a09cb59-f6f5-423b-94ae-c429f23112dd,val
2a21cf8a-39e8-444f-b6fc-25b61b2cea44,train
2a3c1aa1-7485-4e84-bf8c-4e222dce1a17,train
2a96ac79-5886-417e-a1aa-e4d7e78d739c,train
2aa31bf2-7f5d-49d5-aaaa-0c417babc11f,test
2aadba71-61c4-4cce-9ec1-bdcb4802f37b,train
2ace3574-7f52-406f-a144-593c9871aa8d,val
2ad88781-5b6c-49f6-be9d-2d3f5ba0ea4f,train
2b15b7d2-ab57-48f5-a883-d0af776416ae,train
2b19cb42-5795-4da5-bc8b-f54ad53bea0b,test
2b6eb71e-7a18-465a-97ec-c6771a2bbaf7,train
2baa6319-27c6-476a-944e-7c4ac306d52e,train
2bb2d354-94ca-4350-863c-5c0b4448e03f,train
2c66727c-f16f-47fd-a25a-3c2fc3192ef3,train
2c7d1e6f-1971-495a-ba96-c0cfd534a55d,train
2ca9225f-4263-41ef-bed5-955e8e08064f,train
2cb00554-3bfe-4e7c-80cb-f3f78927df0f,test
2cb8bc3d-be7b-438c-bd58-1f8f8b9ab488,val
2cbb78f2-6d4e-41ef-b1aa-1f048c61656f,train
2ccb3d0b-cbbb-4b2e-9103-adc45534ad62,test
2ce6a35a-cc99-4f40-90d0-810b7c7d626f,train
2d6ae58c-a52c-4471-8a24-562359da3402,train
2d7c159b-fccf-4574-9bf2-20b462416891,train
2daba526-6729-48c1-b942-0aaf58381793,val
2db8eded-a6ba-432e-a9fd-39dd9c832f3e,val
2e2bd61f-bdae-43ff-8e64-d61092d322cc,test
2e5243ff-d5d2-4a23-9326-2ae0c8c5393c,train
2e7fab80-c48d-4cb3-8e07-a11e538e35d9,train
2ec7bc22-ad10-4e04-a7c6-60ac522bd242,train
2ee6f3e9-d6ad-43a4-a202-0c282452edfd,train
2efa90f8-c98f-4a1b-a6d0-b10ad3337f2c,train
2f114c8d-1ed2-4834-ba06-3e47e3ac051a,train
2f9a8163-d942-4f35-b864-88ec2c8e5fa2,val
2fa31a07-76d8-4080-9a6d-10f4a581c3c9,test
2fc7f173-287d-4217-9068-895dc3cf7252,train
30175547-8a55-4701-a0b5-6fc1f9c1ab14,val
30686d1a-e04b-432b-b629-b09a829bcc78,train
30c3107a-503b-44f4-90a1-3f26a08f1ac1,train
30e4cfe8-78bd-42d4-9a89-eb937a0386ea,train
316502cd-4246-4901-a6b7-fcb0f5075379,train
3170da8e-4394-4fc9-9fe7-03d04ce5a5b5,train
318ab54a-33fa-40cc-b889-d3d875f877ca,train
31be5af4-57ef-4971-974f-06f2d44177f6,train
3276290e-1981-43f0-8e50-78972f266a3a,test
32acee47-7663-4d90-97dc-00c1a531cfbf,train
32f9641d-6c0d-44b9-8039-472025c57c5d,train
330313b2-c7ef-4415-9fd4-55a44bb99b32,train
33106912-45fa-4409-b8a9-cec1f58742ea,train
3341be11-98d9-4370-b1da-8fc977df424d,train
3354797f-83b8-4e99-aaae-523ef6d8209b,train
33d86e60-90fb-4387-8e6e-232ed0de00d9,train
340c3069-4d83-4f36-9528-6ce776f5f74b,train
3440d9e9-b236-4182-9c71-551e11ecd60e,test
346cbee4-286c-4781-8ca3-6d076753797f,train
347f3683-68e2-4248-99fb-1f21f861e088,train
34c7988b-a22a-4d38-9c27-cc4b8f045c3f,train
34fd8941-5d46-478c-b9eb-ecf0ffc5eead,train
354ce352-8dea-401d-945e-4924f5c0b34f,train
356d8ad9-e7f7-4ffc-8242-eb2680e182ec,train
35948fbe-ee4e-40f8-a7c9-f7b32c17ee1a,train
363316f7-fe99-43a9-b884-0072ca8f44a9,train
3643752b-edaa-4665-840c-79198c2dfc23,train
3657b513-98a0-4424-ad8d-8bcbd1f08dd5,val
36e069e8-1b2e-49a5-bca1-69eef7ccf0c1,train
371ede39-d5b1-4bcb-9d3f-e9344a91b2e7,test
37461f69-b751-42ee-89b9-b8df98c14610,train
37730703-c817-4361-8ec7-9e1e58c83e5f,train
37b5ac26-dfd7-4a26-9979-58a3c7ad6573,train
38154f61-e6a4-487f-86ea-64e2a0f3037d,train
38213f75-6de4-4584-acb6-3bc53f7a6d87,train
3828626f-bcac-41cc-aa2e-84b5060005cd,train
384de7ae-f0e7-4235-8b52-413228250bf0,train
3857df5c-2472-4e32-84ac-e61298476f9c,train
388cb3de-41b6-4784-8cba-1fa9d3c283b4,train
38935774-962d-4d08-a642-36c250b5771d,train
38ae6b59-6cb7-41db-b293-37ab9a6f5ba8,train
38c66453-2770-45ec-a481-36487863ec18,train
38da9aa2-0c42-4481-ab16-8a7f98ab569a,test
38dea450-5c82-449d-9669-9841774a1b8f,test
39402b26-b6ed-47b3-a9f3-b75cbe27ebaf,train
395a1c50-7988-4921-9e1e-88e2e2e9a5a2,train
397d1982-3163-4d97-907d-e7c5dfde06b4,train
39961a86-8384-4d5e-8157-8c5a68c2adf2,val
39a4b1b5-f240-435b-85f1-2ab47f30877a,test
3a0ae32b-3173-48f7-80b2-17557e4d24d1,val
3a2c0ae4-a91b-404a-815f-d1cf6d7407e5,val
3a7c73fc-7ee5-4f59-9741-2f19e61d84be,train
3a852d75-72de-4279-943a-8651e83c7285,train
3a95ac0c-4cb0-4f79-9c43-19fd4fcf9756,train
3acef447-f962-46ad-9c5e-97a5ba17406f,train
3b0b9c37-6b97-4ee7-ba83-dad5582c3fdb,train
3b840a04-7f04-417c-abcd-0aa95d61073e,test
3bd09a21-2f6e-49c6-a201-fe80cac41704,train
3d2bd9d1-5a0a-4b95-b09a-f1910e54517b,train
3d98cdfe-2f53-41a2-8290-f4df9f531063,train
3de3e21e-5613-4da8-bc74-2cb179df156b,train
3e017fc4-da17-404f-b2c8-a8dfddd3b896,train
3e053051-765d-48b0-8bc5-bb9482a73b8b,train
3e607592-e75d-4f7a-9a50-cdcc52035aff,val
3e987ea9-1866-4933-9ce6-441897049b49,train
3eb914f1-5d8f-4397-8fd7-03643c5b289e,train
3ed5a942-2f98-4cc2-8b31-ee6897158dc5,train
3f24be6b-8e48-4e32-8db4-d30c1f80fab7,train
3f693951-a690-47c7-a5ea-cbdde81154b8,train
3f734049-8c59-4b7d-9774-6ea0c613ac41,val
3fd92ada-0e6c-4c6d-b9a1-735bb4ce2d1e,train
3fe4f49e-a0b2-40fb-b39a-5bbc138d47ef,train
40252be4-6b4b-4dee-9267-6a8b4a807a75,train
40570aa3-6919-49aa-8a2c-7ab529c918a5,train
4148276d-6299-41fe-8380-46226a085654,train
41986d36-13ef-40e1-87be-8e2deed64b30,train
41e4db8a-f251-4e9b-aba8-37e39832120c,train
41f8aac4-cf71-4918-a89c-01c1218b44c8,train
4235de2d-3e66-4f26-a5a1-f271be00ed59,train
428aa400-f2dc-4c69-a4ff-7cfddd7fa1b4,train
42ac1b23-d5b3-4d10-8742-c2fc11b00a26,train
42ca82e3-2aad-4f17-8b69-13e307120d1f,train
437c3047-eb9b-42a2-bea2-8ecfd956aecf,test
43943158-83cf-440a-9d07-670408c5bdb9,train
43c619de-c2b2-4e76-947b-774334f00a16,train
43ddc6bd-f6c7-46bb-b60e-0f873fc6846d,train
4402ba2f-d638-4564-b95b-492feaa3bf6c,train
44058750-feb2-4032-8e91-6d602d50357b,train
440a4ecf-ac6c-4fec-9b9d-ac7e2e976683,val
447dd97f-084d-440b-846b-b2d807dbd44f,train
44c96f6c-7475-4406-9ca9-cd3f67bc1a12,train
4554305c-c318-4cce-8830-e7afd1156873,train
45be766c-8613-476a-8603-24ac50055c6b,test
46107046-0be4-436f-9ae9-51d884119e4d,train
461fc5f5-6a2a-4836-a833-3ddb224bf717,train
4659de8c-7ed8-4413-948f-6a5e576a7889,train
46959ef7-3901-402b-9397-e32bd7afdcb6,train
46babc7e-d2c0-47ae-afe2-d3245c8901f9,train
46e4e36f-9703-45b3-8c61-20d11cf0524f,train
47465c0b-8df6-4ddb-8121-27748d6002b3,train
4782d04d-920d-459f-8f7a-7b6a413216d4,train
4791b73b-3214-4297-9bc0-d7ef9a895139,train
47996d1b-14d6-461b-96ad-1b82eecc7518,train
47aaa5ae-3565-44be-b922-f5c42a20895d,val
47aaa95d-6160-4de3-b76c-8da3f13147d9,train
47dd9d2c-88b6-42cd-b1b0-efebe66a0135,train
484b8829-d64f-4336-8841-e4a2a55df903,train
48e9b64b-ae5a-4bc6-9284-42e1bab498df,train
493058cd-35f2-46ef-b167-24959baa9e85,train
494ecb6a-d8b3-416c-8691-40181149bb5c,val
495cbcda-13a4-47a9-b108-f27768ed3f68,train
49d030f8-01cb-4c5a-ad1c-f6f7f5076ccc,val
49ec777c-52e0-4aa4-a1f0-ff1ef2b47455,train
4a0f0d9a-22ae-4611-8940-f57f39e314a2,train
4a16edb6-4e08-461c-9991-eca29209cc9e,train
4a2897b6-c140-4651-9c57-b6d0ec296b70,train
4a3dee4a-8ba2-4ea4-8ce6-a27b83b53c9c,train
4a4bb83d-117e-48df-8898-908a4235f1b9,train
4a5d0894-6db6-48bf-b946-98adc48e6f0c,test
4a5de04a-3ace-409b-85e4-e895090184f2,val
4b22908c-98f4-41b8-bbe4-ff02088e133b,val
4b2c2a83-1233-4948-ae7b-ec7a949ad39b,train
4b8875e3-02c3-4be3-964c-db3378de6ae8,train
4bdf4cf6-b1a4-4103-b56a-486926a9eda0,train
4bebe5c0-0fe9-4a09-92a5-3fd14e056783,val
4c2e6d85-5dd6-4490-8b32-59b1607b922d,train
4c4694b3-30ad-462c-a76c-ec386573f253,train
4c4e96ec-fec2-44a5-9e07-598fafd90465,train
4c94c218-4d05-4f7a-8e37-d9ce64781fcd,train
4cc1b729-1380-48ac-bd4f-3d11244f49ad,train
4ce10ea8-4ef9-4975-95d8-398e7765e57c,train
4d1d6954-4a48-452a-a9ef-695856ced9ff,test
4dd09414-3089-4079-998c-b5554851a9c1,train
4e0f1ce0-108d-4c21-b8d4-29d4768e54f6,train
4ea8e51b-c945-4a3f-a55a-dfe0ea863d9c,test
4f0c081f-ccd7-4770-b913-f43ef8d3245a,train
4f668fc7-7357-427c-9c9d-2fcd295746a2,train
4fea4528-419c-4fec-9e27-d9fc2cadb8ba,train
4ff5735a-1472-4b0f-82f6-770ec8ef8e2a,train
4ff5ade6-641d-4d92-99fa-e4528d64f3ee,train
5082b258-e181-4268-9635-4edea16bc226,val
5090994f-60b7-4ad0-8ad5-4e68ab40f620,train
50b6f9e4-71ec-4867-9881-9259c5c6e65e,train
50c8ecff-5430-4d49-bbc4-bffadb242d32,train
513c5a79-4034-4597-923e-942ae7ffec73,train
518bbf43-c8f7-48ae-9faf-fb76ef38716b,train
51b59d27-27cc-4504-9f02-3add231ec1a2,train
51c2e3fb-0c69-45fb-a678-b8fb7b652238,train
5269dc22-78ae-4cae-b4bc-3303d56566cb,train
52a0c82e-7870-433f-92f8-d9f1af7e9a37,val
52c6fd85-56c6-4c07-84dc-63df7f381b5c,train
52d17b7b-35c0-4f47-ad7f-3f8efc07f467,train
52d43239-0e1f-473a-b48b-56211a11d101,train
52dd9d84-ca36-46d3-80bc-3b7392f98650,train
530e035f-9a49-47f1-9816-b13b06926b6e,test
532e725b-fcc0-4e2a-b668-19b3cee24f12,test
536b1fc9-ea9a-4bc3-ba39-5b0b028f8a3e,train
53df9424-ef04-4806-b796-fcfce48bfd4b,train
5417df6c-3739-4ae2-b2ad-6876ba4f4986,train
544ccb71-2c5a-453b-901c-d537945603da,train
544f8402-b5f0-43d1-899e-b849a1d2e39c,train
5452ff12-7215-449d-acc3-0d2fe675a6fb,train
5483602a-3788-4f65-b935-1ddd8373d5fd,train
54a32f6a-c046-4c15-8a47-67b23e3d6c06,train
54ec92ab-6f16-47a0-97f5-64217c79da4f,train
55072324-23ec-4ca7-8490-41824f790cea,train
5524339b-0404-48cd-b851-71fc90931c2e,train
5534fd7b-0a61-46b7-a7f6-69ff4cc7dad1,train
55a1f0d1-6e34-43c1-a87e-eb4a7310141b,train
55e4b927-ecdd-4bd8-bf5c-1d8ddea284d0,train
5619a417-4ace-4374-9ea1-5da9aa9a0814,train
561dc64b-4137-4eab-8ac7-da2a5565b16e,test
563c895c-094a-4411-b3ab-5565035087a8,test
563f153f-e753-4556-943b-85bbec8a4f39,train
566c85a5-2441-4d60-b8a0-4c0132aa6933,train
5693e639-dc89-45d2-81fb-83dda33fb67d,test
56a4ee43-af1a-442a-ba2b-2df5d007da72,train
56ae467d-163b-43bb-9fe6-81180fe53334,train
56b5e055-708d-43dc-8e5c-45b7c9e9b348,train
57385d11-0ec1-4853-b734-17177408c654,train
574e09b0-e397-4658-b876-3ae1e6ccf423,train
5758f473-c849-4ff0-ba3f-dc02fb22095e,train
576c3490-6ab5-493f-b016-3160f35e3efa,val
57a08663-cfaf-4f45-8dc6-dc8875083991,val
57bec179-99db-43e7-a9e8-25aaa99055d4,train
57cac332-d8c2-438e-b87b-c585d7f08c3a,train
57f8953c-893e-4cbb-a23f-73db4096afdc,train
57ff158f-485b-4329-97ed-b1a84069eb83,train
580874a9-6111-4bd0-b5cc-376b0d53c07b,train
582dd8a4-f3cf-46f3-b67d-3834e5d036d2,train
5866ece0-d0d3-4d9c-9cf1-5fbef4f6dd30,train
591c63b0-b425-4661-bf0e-f7e7be5662ef,train
5945959a-0c61-43fc-a584-cd5a7cdbc91e,train
5947b6a7-46c1-4be6-8213-46ad15414620,train
594aeb83-f8e8-4038-bd00-ca125b4f7a3e,train
59511713-b0e9-4b77-a49e-e76e14ae9dbc,train
59871243-d845-4edd-9b9a-936fae2caa6e,train
59a7a812-bce4-4e8c-ba10-6d6380a52e89,val
59ef57bd-9949-4b6d-8fed-e4b39a623b28,train
59fe078d-c160-4315-92cd-c11d281e7264,test
5a1b6cdc-18a9-4247-ae82-32bb66f064c9,train
5a495dcf-b247-4dec-8dcb-aa2b63d874ea,train
5a79543c-2ba1-4983-a582-aefae1204be6,val
5a89dcc9-3acc-4ad5-b24e-760bd63adbf0,train
5a8ddd7e-f431-4e85-abd1-948cd0e939cd,train
5a9a7221-5ee2-41d0-bd90-9572dd6b1592,train
5ba16327-dc5e-45db-9bf6-17740c7574d5,val
5bc5ee68-407c-4e9b-a447-5be6361488b3,test
5bc80723-c00c-4d14-bf98-b9e0256194f3,train
5c26d87e-aa60-4318-99cb-bc0c1df66c60,train
5c4f94bc-64c7-4e35-bfba-10d7ce98974e,train
5cdb73af-c9bd-4ff2-b86b-1c805c815fc9,train
5cf359f5-fbee-4dd0-b3c0-6510309926fe,train
5cf75611-89f0-4271-88ac-3febe4ebe78d,train
5d45e854-413a-4765-ab50-ed68e934af1b,train
5d7b4452-d8da-45ba-9ee8-ae0b7a92beb2,train
5d9ae0a0-65af-480c-af2d-a97a0fc925e0,train
5da941cd-59ba-4bac-b14d-42287b24abe1,train
5db2e8c0-a54a-458a-8d73-605cd54d1c29,train
5dbf7831-352a-41aa-8b17-3104b7cc586e,train
5dbf80df-b7f0-44ad-80bf-86217eff6f03,train
5dc94e03-510c-4683-ad4f-5b07dbde8717,train
5e2ce6d2-83e3-430d-bb25-0f89e9a8286f,train
5e551bce-21ce-4f30-94d8-ebbe7d0bc854,train
5e576f08-6a2f-4d16-bdd0-2028522f1ba1,test
5e6989a5-bd70-405d-bc13-cdf2bc799f7a,train
5efd30bc-ac30-4b52-961f-95d9c6b0ccc1,train
5efe5130-2d97-434f-a0ab-33d70e52af31,train
5f60c91f-a48d-47a8-834d-c80536040c90,test
5f9089b8-1955-44ea-865d-867fe57f938c,val
5fc5ae53-1bef-4f26-a939-aabdbc296a2a,train
5fcb293b-bdb5-49bc-af07-221bcfaf303a,test
6003040b-fa9f-4805-9cbf-719255a67b79,train
602de677-6e62-4506-b6fc-6ea1f3527f6a,test
605c50ba-9cc7-401f-bf51-9184cf059ead,train
606b21e2-90ad-4ccb-8d92-617eb7e539b0,train
607cce68-337a-4ed2-8cf8-5745bb8ea39e,train
60839fa7-e86b-4172-8939-98a4b6e3a639,test
60b92bf7-94c3-4e95-8b50-c0e4e57ddf86,train
61205dba-3aca-40fd-b11c-95944d538659,train
61286940-b488-43c6-8a4d-6f8b04325535,train
6135fc60-24cc-4c84-b9e6-fb6968181689,train
615675d8-defc-4faf-b752-46d3082c1ff3,test
61600347-c91f-4224-8845-1796e6354762,train
61ea3d68-8211-4799-a4fc-14adb38a72d6,train
620b6cc9-af46-4710-a63c-bf74443b7cc7,val
624abdff-0715-4a2b-b222-85bcb4a9528b,train
626994c9-1aef-43a9-93e7-118f60abc448,train
626baef0-79e6-4161-9c87-ecc5afddaed6,val
6275c254-d57d-4c29-a47c-c30645a80282,train
627b4adc-6f80-4193-a045-1045d3bbe9d5,train
627ffdd1-bc3f-4fa9-ba87-186705145bec,train
628a80ae-4134-4296-98a8-20e7b51649f9,train
62931624-90e5-4d94-9170-45ead0dfd315,train
62a2b516-1e3f-41c5-a1ff-bf67121343e7,train
62cf9a27-1804-4633-b502-1f924b3b324d,train
62d73c70-48a2-4b6c-8a36-cd810e86307d,train
6351ec82-1834-437b-ba5b-8939eab78bff,train
636bdd36-e325-4c20-b0dc-b52483e316bf,train
638fffbf-0139-46a0-b324-23faa4b9b14f,train
63bebcc0-db6d-4636-8744-8c0fa318a446,train
6482ba2d-136d-4195-94bb-901d8a26402b,train
64efc6d8-eb0e-4f76-8fc8-377c94315d7a,train
6548055b-713c-4787-96b1-3eb59f91205c,train
655aca47-a247-4e53-ab23-d20e84592193,train
657247ee-a5e2-48c4-876e-b64f2cce9984,train
65c5ab27-3c1f-4c5b-9833-703ddc867283,val
65e0f13a-befc-42cb-bca9-6a3fb09aee54,val
65f80271-cd38-40a3-b2cc-8d3828ab0813,train
660dec97-1df9-405b-8662-c0363e41b618,train
662b8308-82bd-46f4-b6ab-fa84b891bdd7,train
664ceebc-440e-4f68-9021-8d1f34071466,train
666d9262-f152-40e9-9759-b8c7865c1e23,train
66bf7658-9222-4167-b974-5b4880283c6e,train
66e91553-b80a-4c30-85cf-2803e0c38e21,train
66fd17ff-8083-4ed3-ad72-78ebb768a112,train
67052b16-7fa5-43a7-9913-2ad2efa55725,val
672ed900-0bf1-47b1-9a64-73c772f19572,train
673b81a3-bbef-48e4-9d9f-1a934080f71a,val
677e394e-af11-4052-b7b9-c20340b9570b,train
67ed43d1-68d7-410b-a7b8-416f96c2a2d2,train
6800e27a-cf63-4090-ba8b-1e0e35a774b7,val
6827671c-52d9-42e0-9e9f-7cefc6a8edf6,test
68577cd4-418d-437d-ae85-d150f5e0ce0c,train
68759c52-f966-428b-99f3-c8bcc6bc9413,train
68f1ec05-3c09-496c-9029-d272d04d1e43,train
6907af92-80d2-4636-8b17-aa1b92c79120,train
6917f8e6-6418-448e-bd67-b09a9c8c6bcf,test
69628e65-5f96-4c2e-9018-a15c51fee751,val
699093bc-ad8a-4417-a450-3f887c039c4f,train
69d451c3-99b2-4aa6-987c-0d073d76cf46,val
6a291515-c8e2-4652-85f2-3cb636416b46,train
6a555633-0098-4cd4-acbf-87bcb29659e0,train
6a75e881-ea6f-4214-99cd-dcbc2a77294e,train
6a9f7993-12da-4955-ab7d-369c07386997,train
6ab3bb54-9576-43b7-86ec-90bbb678a716,val
6ab5e209-a84a-430b-bb38-b956b7be4050,train
6aba773b-899d-401e-8085-c47d438f866e,train
6adb9778-3d60-43ed-89b9-6f9cc3408aa2,train
6af28c14-9a1b-44cc-9728-707fd3016859,train
6b43fbbf-dd62-422a-a4f8-dc84de985c57,train
6b79e362-e357-480e-a720-0d2bf70341ac,train
6b7c2fef-bbf5-408c-8099-6c4feba02b47,train
6c5c22d0-d961-4215-b242-7ed10d042d3f,train
6c915ae0-159c-4d79-aed6-3b5a25b45d2f,test
6cd36493-06f5-4527-9842-6ac6efa2db2f,train
6cebc660-b404-46a0-920c-724576764528,val
6cf2f70a-4bb6-478f-bfc1-900a43855ebe,train
6d0ece73-4fd6-45ca-ae18-abe14297cefc,train
6d325b02-80b1-4266-87af-126c75878f37,test
6dad5473-46e0-47d6-b7e2-250324c83439,train
6dc43325-90a4-469b-aa23-b5f6593b732f,train
6dcfaa63-0d98-419d-bc85-ecf8d35cc60a,test
6df99d7f-d5f6-4327-9bc6-889d7f466747,train
6e2983b8-24a2-48ef-9741-e53df139413c,val
6e3a72a0-fad8-413f-915b-58e323aef152,val
6eccbd8e-2607-4227-913b-797716db334a,train
6ee46086-c521-4e7e-9120-f2fb0064d86b,train
6ee807b8-2950-4980-973f-aca103a32d9e,train
6ef08a54-91b2-41b3-91ce-c55d10837d30,train
6f03c562-9d39-42b7-bb7f-0c378d67aaca,train
6f3a3b08-0526-4491-9523-cc56ec8df874,train
6f3c3ff6-2265-498d-9fa9-9ab18035f75d,test
6f625238-41ba-4cc8-9563-4fcc18297eac,train
70388ee8-5eb1-47f0-a8c1-0a0116a602da,train
703abb57-606d-483a-b163-9881f8825817,train
704a76a1-7352-4bca-a4a1-a21c228677d7,val
7084adeb-f73e-4b4f-b7ac-5ef15686a64a,train
70886986-edd9-4c14-9dc4-197fa3a5ee38,train
70f48600-3773-4993-9d18-af632e304a40,val
70f879ff-24ba-410e-b4f4-4aedadc5529f,train
71382ae5-bd3e-4b9d-a0b3-25cdb27ebf67,train
71662737-8ca2-47e0-91ab-b76c122553e7,train
7174a9d5-266f-4178-b5b0-7a1c7d1f81e6,train
719617ad-e0a0-4767-8cf1-fe5e85632f0f,train
71c07837-5ea4-4d54-ab3f-2e01436e94ec,train
71ccc27f-0400-4009-bac8-51519f005c0e,train
72572f4d-0b94-4f19-9d69-dfa7c57c87dd,train
728397aa-b058-4e9e-994e-f32f9da23581,train
731dfd31-1daf-49de-8f3c-0d07c3c07288,train
73288b5f-d01f-45b5-9dd2-f0039a5ef2e3,train
7386150d-f4c8-4ecb-b9bf-76a3a762ada9,train
738be290-a725-4912-8cae-91c4959e8d75,train
73971c80-b102-4e60-a305-863f91f01b36,train
73cd87a6-5da6-4ea4-8975-368e9b0d7f4e,train
73d8e85f-ccc8-4ecf-821f-321784a76f86,train
73e2b8d4-5c9f-4b53-9044-96a8122a2440,train
73f45735-36a6-4bca-97b4-6a47aeafb7d0,train
740131ca-1a62-4b0c-a8d2-22c77766c03f,test
7421523e-3f23-45ad-ae28-07331bfd8fbe,train
7487dd4d-9265-4e89-a753-dfb96317e646,train
7492febd-b040-4e2f-833a-fb58e4cb0e54,train
74f8d965-01e5-49f3-84ff-5f314cf2b1ae,train
75192348-6b66-49a0-8306-114d59ee1e03,train
751fde2b-3459-4398-aa1c-ac93861a0996,test
75252aa5-64a1-4f61-98e3-a09c33695790,train
75407b9d-e8d8-4db4-aa10-f9fc29358049,train
756ae8bc-175a-44bf-a4ea-e26b6dfc7d4c,test
75903fa0-3e31-4b3f-8c53-77adc80f3584,test
75e13120-a272-4f15-89a2-4a2485cf326d,train
762aba95-d8fb-4e3a-9ebb-c5f1d2a4f7df,train
767d1ef1-bcc9-4565-a596-931746c883d5,train
767f3dea-7139-4850-867d-dbfc36beba9c,train
76d228cc-e342-4abe-92a9-f4c6194d2d1c,train
76d60c4d-9455-4373-b39c-1046f6f6baeb,train
76e7d30d-dd96-4822-aa1c-2e8f95e7706d,train
76ebb696-2e8f-405d-8ade-4a5a726d6d28,train
76f81806-99c2-48f8-8a8f-9e45a7313bf6,train
77dea756-a644-420c-9895-af884238bb14,train
77e23ffd-d3ed-4d9e-9a76-081c257d0124,train
77fd3698-7cd0-495b-8388-cf20689b58d8,train
78027239-c3dd-48ac-b252-c230d38325a1,train
780d3c86-7574-4f10-8737-fc2af0f41bed,train
78446c90-a34a-41ca-a50a-55792deb1967,test
78594330-be63-4ab4-9dcd-f276349c4f3b,train
786136ab-a39e-4369-8d7c-a0b7d15404d6,train
786e58bc-cb93-4fca-8197-ec74b5ad5e59,train
78a89b48-4b91-4bf9-b1f5-d9aa9bd45d89,train
78abbf5e-7a53-4b2d-b98c-8c17f3bf698b,train
79036d6d-ef79-4add-b9f0-39f908545eb1,train
791f81ec-ce8c-4c84-a0ae-2ee9c75f1f18,test
793c3a05-ac21-4f1a-8acb-0ca5ac6d3a7b,train
7a7011a0-ab3f-41cd-83e4-0beedefd1a23,train
7ad82219-f64a-4f9a-8395-df503a15a7e7,train
7adddd3f-79fb-4caf-b6c6-285c9b4fe6a2,train
7b161bf5-5404-440c-acc6-010d8b125920,train
7b218220-c5d3-4283-8d23-c1cb62936cf7,train
7b75da5e-f78e-4a64-945d-9f0adc6266e9,train
7bbafeba-0557-4a9c-9ef3-f4c1a2662da8,train
7c4a6017-d322-4ef1-bc34-d7a0087c7abc,train
7d284aeb-85d2-469f-a73a-7ae9c11dc485,train
7d89fdab-0cfd-40fd-995b-3081c5ddcb8b,val
7dc852ce-2bf4-4bb6-9eb7-72fce7a34a4a,train
7de4ee6f-6414-49a3-8df1-945c049b7597,train
7e5eb011-9b0f-4eef-9cb9-003673af94dc,val
7f0856c0-3553-4c0f-8c03-46582b6f3d5e,train
7f4979e6-70d0-4024-878a-086645e14e10,train
7f4a5aa9-dfc1-4631-b436-1e8a64652733,val
7f4b4560-be7a-4a39-b3ed-93477bdd975f,train
7f4f3c68-c77f-48c2-953a-a9c94dcbacdc,train
7f747837-2248-42af-980e-9de54f60caa6,train
7fc7985c-3c0b-45b5-b99d-3b78f8894a34,train
800100e8-2c76-44f4-9ce0-d368953a48eb,train
8068dbef-25bd-4bc7-b686-c8f19fb8d7b2,val
810a1d80-40b9-4114-abee-c97c9da4babe,train
811315f4-2598-463d-be93-f6db72f517a1,train
812580fd-a06d-4a5e-9ba7-d98507c95f5d,train
81274db4-e449-40fc-8a23-262a99c00651,val
812d3c50-a12a-4313-ab8c-31241c160294,train
814ee65c-eba9-4e2c-9ae2-4ce86b694db7,val
8158ef1b-a1d2-46c4-8846-40afb425f997,train
81b0ef38-e3d0-4057-afce-bf6a031b0a56,val
8205ef49-233d-4dbe-abec-8bc4d59f4723,train
826ec4bc-3ac0-41ba-9c5e-370cbec1e7f7,train
82c54ef1-b2a0-4de1-afe8-c386662fb7b5,train
82e793d4-008a-4c3b-99db-2f8550ee8b0c,train
82eef766-bc9b-4e45-a857-47ec9ae0f7a9,test
831172f8-67f2-4b25-bfb4-527c104a9a6b,train
8379fe5a-c826-4051-88e5-274985f726f7,train
8426c832-0656-4b7d-82fa-2d2cef8beda8,train
842e4a3b-ac2d-436d-8a02-4846fc73a127,train
8474317a-6e10-4884-9ef0-1aec54031e5d,val
8552bb7c-7e02-4804-a3ca-46928353406c,test
856e0bec-7c6a-403f-8554-09be1a651888,test
85c3d212-dea7-4409-a140-009cbf4d3f02,train
85eb6a6a-9179-4e96-b7be-37fdbc76d9ee,train
862d86a3-1c4c-4935-b65b-a85a83115309,val
8669fd52-1435-4ae5-a44f-d97213cef23a,train
866be0a1-438b-4afb-8ae8-903a7e6e2160,test
870060f5-66bf-4346-8dd6-941561d01c9f,train
870abd2d-6c11-4624-958c-0a83524d33c5,train
87c333e2-645f-4463-af62-bd1a168113e6,train
87de8647-59c3-4e79-813a-64a5d9775fad,train
87f56bf0-d531-4337-a158-525b40ce5575,train
882ce831-5344-4943-9c89-b343369d5ae5,val
88383974-9c9d-4330-9eee-5727c67bbaf3,train
88510009-0903-4346-bf64-0f6d6c993fa2,test
8869fe14-e925-442c-b947-9cd109278dde,train
88e0ac0d-21fd-43db-97eb-b112a703d95a,train
8928418d-d8ac-41b6-b4f7-13983f05363d,train
8a1da474-e308-426d-ad6a-57b6597a1754,test
8a814f89-58f2-41a2-b93b-f4acdf3acfa9,test
8aeeeea6-5383-4ac1-9461-147a1f23b8f4,train
8af45dd4-8355-48b2-baab-9a051624960e,train
8b04e10b-40ab-43aa-ab6a-b8c1413dd0c3,train
8b258ddd-ffd1-4f6a-9ae5-bab5aad502af,test
8b387f83-e534-479c-8bbd-2d948bc5fb1c,train
8b40e7c3-de5b-466b-ab9d-d164a794e567,test
8c14c4a9-1ea0-41b9-b9e4-7f244aa2ae75,train
8c1f5da4-7f06-4f9c-8e16-818c8861c45b,train
8c51d821-4afb-4ff2-86f5-956af27a23fb,train
8c96b5e6-adc2-42db-858f-a6e14b5290d9,train
8ccd3a0f-d1c2-49cd-ad50-be5a251e8e57,train
8cef0064-ddde-47b9-8373-a6d8ce2e0361,train
8d17a90d-81cc-4a61-ac9f-01a80d0d9ba7,train
8da380f2-b00b-4e5f-bc31-dac28d9faaaf,train
8dc1cb54-d001-4aa6-9163-751f6bf9453c,train
8dc90c2b-c32c-4d84-945e-08601fc9f2d9,train
8e2183c4-03f4-4827-9f52-da1bb5e06072,train
8e2da301-5f3b-426c-b6de-f231c15f9c24,train
8ec71793-2ee2-4728-b5d4-134cc2ea9639,test
8ecd8806-fa8b-4295-8958-fb55a05ac047,train
8ed47a58-aad4-4906-8dc9-a7e3c7c6c9aa,train
8f445e1c-36a0-4356-9746-cd944eaccf94,train
8f743c55-13c0-4e42-91af-9d4d52c3fac3,train
8f84abff-be1f-4c07-ab36-89c698be623a,train
90158600-05bd-4e82-9195-f29e3ce2d127,train
903962dd-13e8-48da-a645-e41216b7b0fe,train
906fa8e9-811d-4075-a341-f7a55108e100,train
90c0066d-5b90-42f9-ad6d-972a17162558,train
910ed3f2-6999-4a62-980c-b0b1bf8eb246,train
9141569a-e765-4536-b785-da9c732e4015,test
917401f7-8078-43e8-aba0-fc4e030337c8,train
91cbfd4c-59e5-46e2-bae5-b729b457a2a3,val
92109968-a21c-4474-9232-dfff7527b664,train
92344a97-1f43-41cb-b2a1-c007a4978b0c,train
932e4ed5-def6-4e09-a605-fb999b72be59,train
936b7714-db87-4caa-95f9-c2766fe920b5,test
9411276c-4827-48b5-9367-1788c95479aa,train
944c4520-2676-4a90-bf43-fc6a3cbd9766,val
94ecc0f0-e2e0-473f-bff5-1d5efd21b035,train
94f48bdb-b512-4132-b055-e50244536d6b,train
950068ba-fedd-4471-aa22-ced1170aebbc,train
95390740-89fa-40a5-83cc-70006dd79db0,train
953b614b-b101-4270-a533-1e16ed922374,test
953d6882-6b3d-42ab-ae30-f2db18ce7df8,train
95476f22-e374-4019-a87a-a6fec40471dc,train
954f8264-accd-48d1-b83b-5648c22edda3,val
9587061c-fd97-4857-ac67-7b78c8c4d5c5,train
95e3c95d-b502-4968-87ce-ca64948b8e36,train
961ecfcf-df1f-4ea3-9cf4-c7d7d9a5f13a,train
963b715d-461c-4177-9ec7-bb8a9c34a593,test
966e949f-3d67-4f01-9239-9a7ed00ca5cf,test
9676da86-b817-4e3b-9e91-9c481f2da00a,train
968b3411-06ac-4cce-9e79-ece88dac496f,train
96afc363-0f67-4512-9648-e75c846ecf0f,train
96d00578-0dfa-4998-9601-cf562af350f9,train
96dc377d-c3b0-4a55-b86d-608aa195913d,train
9720861e-f692-4389-b1ed-9b4324952769,test
9741a311-6845-44c5-b923-4d5348adea27,train
97960b2c-83bf-479e-90ed-a0583e38cf04,test
979bfa34-fc19-47f9-a9fb-be13b215d591,train
97aa6887-211f-48bf-a1de-f4e72ac93911,train
97c3206d-91e1-4e46-8dcb-0f77974eaee2,train
97d2ef9d-5ea7-4679-bc54-447e8d54ee47,train
97ee28b1-8efa-4d72-beeb-32739420c88d,train
97f04c98-603c-4b69-a95c-fb2f20a7d1b1,train
984af7f5-1524-4e79-a63e-710f4bccf532,train
984c2546-2a68-4f70-a415-4aa6a869b27f,train
985dcccc-ebc6-44a8-9bd9-f0d927316780,train
98a50934-2699-4e04-90a5-70e8bcaeb9b1,train
98b308af-ea6d-4a0a-b7e9-c0392fddd116,train
98bbf8d8-9f9e-4121-a17f-6ca3c8ca0e41,train
98c23267-64b1-4715-a75d-8986d4758038,val
98c57a45-e8ce-4578-8e1e-cadf37db23f5,train
98d2b304-ded2-4352-afaf-d6f8176e2531,train
98f09ccd-6716-4f41-9439-e4bcae93368c,test
9a04d480-76b2-4369-b2b5-8c72966dd5cf,train
9a229154-5d08-4de6-b8d9-839a3e084551,train
9a3a0cef-6bbb-4775-8f76-db85b0c9b81c,train
9a4811b7-5715-4c54-bfb9-badf85437761,train
9a4cbae3-4ac0-4a15-a587-34b0e4ebdd55,test
9a7b1626-7159-4331-af61-303c62f0f096,val
9a7f9aa6-11f3-411c-ad1b-2e4a754afe10,train
9aa7e9f7-9df4-458c-abdd-df7fdef1c0e1,train
9ab9e560-bed9-42b5-bf9f-86133bdbfadf,train
9b3a5f29-ea95-4bb7-94e2-837b8a026108,val
9b9983da-134b-4636-8f52-b42e2bc16ccc,train
9baab22e-8c05-4395-8b3f-7426012cc184,train
9bb09128-3f02-481e-bd10-5d0f6d3d0868,train
9bb67a93-a6b2-45c8-b530-c35706053533,train
9bb90374-f70c-4c02-aded-4359f59692d3,train
9bdd1b2e-2e6a-4562-8166-8deed06d972d,train
9c448a27-febd-4d90-93a3-e65e787b3c10,train
9c8ec0cf-3c00-49a5-a94d-b46b5430caff,train
9ceecd3e-ceee-4b5c-8b71-1237506eeb8f,train
9cf1777c-a830-4930-9933-733bef38e787,test
9d1378eb-313f-4b26-9b47-344af2953e45,train
9d455de0-02ad-4cef-bfb7-c3902fa11105,train
9d5f5b89-2dbb-4341-81e1-76da27f8f9d8,train
9dd4f35f-e6e6-4d9d-9307-31681f751892,train
9e677118-90f8-4cfc-bfe9-2cf45cba4118,test
9e766c37-98ba-417c-aa06-474393dc1475,train
9ea9bc0b-e6d9-4a48-b1d3-53c0978452ba,train
9eaf078a-7fbe-4822-8df8-6ff81178ed28,train
9ec7c766-7d16-48e3-a37a-b43b401d642f,train
9f664956-7fde-47cf-9385-12c34aead6dc,train
9faa6675-4997-41c6-b5bb-0939b2c36ce0,test
9fc2b1aa-5f89-4adb-81a0-ac711a67bc23,train
9fc886f4-7b4f-4024-9a45-216d990ae72e,train
a02223f2-cb1b-4cff-8855-c66d5509e683,train
a05cc6ac-2db1-4aa8-8f18-19cb85c80cc1,train
a0a9e522-0578-4dbc-88b9-0ff58401adb3,train
a0d06e5a-709f-48d9-91e3-d8e3e0b5d589,train
a0e0a57c-8fa6-482c-983f-e4c56479af43,train
a11065c1-b9b3-4b87-a601-c262aefed288,val
a12866ea-1dab-4608-a6b8-9e09cb749691,train
a12bd3bb-ef4a-40ce-8f29-aacd783e0bbf,train
a1300f83-980d-49a7-941c-883d17766d6f,val
a142eac8-4694-41d7-8fa6-f3d806e6ff90,val
a18a3007-1cc4-4f72-97f0-8c4aedce4c71,train
a192b0cb-113b-4dff-aa7d-ed1c0e696a87,train
a1a4039c-d3a3-4010-bf7b-faa25ca17e90,val
a1bd4edd-db54-49e3-b51a-caae0b7fe985,train
a205d5bd-e9a4-4e7b-80d6-f5a51bcce6dc,test
a20b09d9-971b-4912-9594-48cf30ac2afd,val
a24d2f1b-069e-4723-8969-7bd43450ebc5,train
a2abe2b5-4a3b-4ce8-a132-5ce373f73944,test
a2bb9e28-a039-4a1d-8c69-a427c9a7fa89,train
a2ebda2c-9589-488b-a2b0-4046068b705c,train
a314137e-4504-4819-ae6f-919da3f6faeb,train
a3384933-a014-4034-b3a2-18afaef5760c,train
a341d68d-c839-4792-88ff-86b4342324df,train
a34caec4-c39a-464f-812e-753ddd4efca1,train
a39c9d79-3844-4ab3-851f-a5cb647c66e0,train
a3c5f884-7116-4e4a-9fab-6f522135a912,train
a3f5cadc-fbcc-4151-bd3e-d0608eb82467,test
a40869a4-9908-4419-b7c7-d88b15da1c60,train
a41235b3-5514-46cd-b6d0-d50ad6197d0b,train
a46d1e97-e44b-4b7e-a9a5-e3706f6be092,train
a48cbd28-7dfb-4148-b33e-d5c0dd8be196,train
a4dfa58d-7617-406e-8f5b-feff8028d0a4,train
a4f741d2-f7a1-4649-8cb7-1df63c46e436,train
a4fa332c-b810-4443-af36-fb3283abbe53,train
a50ff891-0d1c-4251-a0fc-51d8834d3903,train
a531fe39-6085-409c-96d1-7f6119beba13,train
a5432903-9fab-4e49-99c8-ace0b3dce536,train
a5563754-60b6-45d2-be07-069e85e294d4,val
a582bb56-fd7b-46d5-b58d-aa06cd173f30,train
a607cee2-9219-468a-86ac-5540314bab2c,train
a627821f-349d-4d12-a8b2-122314e0df16,val
a63578c3-503f-4e44-a21e-40e044e591e1,train
a65ab056-7aa6-4c6b-a11f-bd39e78a7f07,train
a6925896-4e02-45ec-a4de-6fc54c3eb21e,train
a6c6037b-40ca-4736-8b30-13c42166c74d,train
a6d32304-48ed-47ad-b7b6-7564f507da15,train
a71d372f-2b94-461f-accd-ffe796b6c977,train
a78f727d-fa82-44e5-89ec-039d4b852b60,test
a796c3d9-d05a-477e-969a-566b5f336fd4,train
a7f7122f-a6c3-443b-a5b6-e847ed4d7e50,train
a7fd1766-f3e5-4b6f-9ab7-0ce49dacc120,train
a805656a-7806-4250-b916-1cdb1400a7d7,val
a81348be-24bd-4104-be22-d97da8d549aa,train
a861d7f8-9e72-44d0-935b-754a9ff9eec3,val
a8cdc15d-377f-4e5f-87c8-1020ced941d7,val
a90d1750-12a8-4aa5-8790-a16172ba7322,train
a90fb43c-9ece-405b-b501-360c3ee700f5,train
a9639908-5e79-41c9-8008-373d6f498662,train
a97efc86-00ee-4141-a25b-80b9a157eb9f,val
a97f53c9-e1fb-43e0-9107-2243022f95aa,train
a9806e3d-5d1c-4976-b953-2c9281871e76,train
a9c9db1a-19e2-4a49-9182-e5dd634c580c,train
a9da9c0a-7524-4194-ac46-2e5015f051f6,val
a9e9925d-9b0e-47b9-9e4b-e087af657106,train
aa0313da-8990-4d4b-83af-ac6fa6c10113,val
aa0d0129-7c6c-4fcc-96ac-46ce9139fc3d,train
aa723994-6d0b-4aef-ba46-4f9509dea56e,train
aa9961a1-dfa3-4e3e-8003-0943d0bae466,train
ab4d6524-6351-43d2-8a6d-29dff6c33b83,train
ab85cdac-9eca-476b-8aa3-745e5929eec7,train
ac2502c4-7893-42f2-8614-d8ee587f3381,train
ac4dd55e-4f34-44d6-b23a-9ff18cb486af,train
ac6562ae-a610-47b7-8ec2-41590a89accd,test
aca55b48-3fc9-4093-bf0f-35a0c559a1ba,train
ad0621ba-38b7-4796-a113-7587d8ad599a,train
ad99b412-1052-44b2-8ccd-9fe16e7a0076,train
ae3f425c-5eec-4be9-bff6-dd112b9b441b,train
ae7cb4f9-e6db-43cf-b270-5a03ebb82454,train
ae8704cc-dff9-4d6b-b68c-a81c4a1bf78b,train
aeae0286-1394-4a6b-aa15-bf4fa776faf1,train
aedee044-1371-40cb-8d04-eec6f421fe3d,test
aef1e857-0929-4162-8da7-cf72f1f184ae,train
aef23913-ee3e-4f3b-9b3d-4bc35881107b,train
aef83a75-c0ef-4639-9d36-2c7afc585dd4,train
af0e63a1-c847-4d99-9fd1-07c2601f4b37,train
af340e86-9a4c-4b8d-88c9-e8dc62f0cd6f,train
af3daafd-37dd-468c-a8d6-7d7f40589c04,train
af58ddd0-b48a-4dff-95f9-e75f90eed584,test
af77273b-824f-44cd-8b29-64bf96f2c5cd,train
af9fa72e-b93a-4ec6-bc02-851d10fff67d,train
afb01698-89f0-4d5f-970c-a232b9bcbacb,train
afb9f3c3-d0a5-420b-8a9e-36ac298ac942,val
afd16a0b-fd5b-49ee-bb19-582f84c728ab,train
b0dc6cfc-ad46-4c85-a0e3-7009861bdd9c,train
b0e39ebc-e976-4809-bac1-5f90606a41f7,train
b0e8f863-5bfe-484d-8446-959bdfdb1016,train
b13357e1-15d4-40e1-afe9-556101ad8ee5,train
b166aa84-de36-42f7-ad7c-66bfc0b58af0,train
b1fab94b-30e1-4d32-a00b-625538f0710f,train
b2164b27-ba3c-4ec6-b40c-71a0681edbae,train
b22d6ee1-c8fe-491a-b6db-83194a50ec66,train
b240a401-e934-45aa-9ff9-c0da5ce9faed,test
b27bf4b1-1801-4bb5-8e65-4a84ba5eaae7,train
b28c2e56-159d-4e23-9532-85fd7168dec3,train
b2b5d841-ed58-4d86-8b23-fffc596a5745,train
b2cc9a98-889f-42c1-8141-850e2838f0f9,train
b3013341-ace0-4434-b58d-68fe3f934f56,train
b3244a89-5a95-4d6e-b787-de54ff5d8743,train
b35ad619-c924-48b6-8094-670bcc35032b,train
b3f97698-3be7-4eb8-9bb1-8620be2b84a6,train
b44e45a6-5b10-40a3-87f5-9f1a25bc3bfd,train
b4512bf2-d69b-43c8-a3ee-577e2cf13be7,train
b45ad593-9cac-4d76-91f0-10b3b4dba514,train
b4783b51-35df-4e16-a2d8-d39b8df82e7a,train
b481f1be-fac8-4a1c-b5b5-ac50b7dd1ed0,train
b4b850af-1764-476b-ad03-6a7a28125ac5,train
b4c67996-4e5b-49c9-a322-69582758aeea,train
b4db7483-bdc4-41fa-a43a-1781b83db089,train
b4e19a9e-134f-4f86-8c5f-32e80afaf378,train
b535554b-b381-48a2-a692-58acdb467472,train
b57b0c39-22ca-49ef-9db8-b71377e63716,train
b5975e9b-584a-4c6c-91df-f3d3bb81bdfe,train
b59e3915-bb34-4e5e-a2c5-45a31a5715d3,val
b5b23adf-4b95-45fe-b678-749976200895,train
b5cba237-fd1d-4672-bf89-88e45c57e7b4,test
b60f184d-d291-4668-ae48-e01ff78e2519,train
b63e7f5d-e0dd-4912-bfd8-72ea4d700a64,train
b665e8fb-e9cd-471f-b5bd-07b1fc21ae4a,test
b69fa950-cf43-4eda-ada4-0adc02bdea52,train
b750bef6-4c61-40d5-a1d0-30e0e5f43f6f,train
b75533b5-0f35-488c-886e-b0b462cef454,train
b76df103-7aec-4c55-a4e0-6344113fecf4,test
b79d5031-5687-4a6f-8636-84fff65bec99,train
b82b162b-589f-4f74-8ecd-f8881ab51616,train
b84218ad-131e-4b95-a0ad-9309446c4285,val
b84d952c-f1b5-4fb8-9ce2-29079671d448,train
b88f8b69-fb11-4d45-b7a9-7a3bc2221706,train
b8a526a0-48d5-467e-b472-422e4c07281d,test
b8fc3577-b180-494c-88c5-faecf7502464,train
b90b603b-8d55-4b11-84d2-6e53cecea547,train
b944e17f-b66e-49e3-a874-5662e4c40dd1,train
b9584143-9354-4346-8185-0a8a3b6c8696,train
b95ef490-799e-431f-aff9-d32235721b7d,val
b97e7163-6787-4172-a607-5974f59f62de,train
b9b483e6-32c0-40f5-a87f-d1df9eca9c81,train
b9c42aa7-2d99-498b-9e3d-5195e7c53c42,test
b9caad20-b768-433a-aee4-03bc9768efc5,val
b9ce3376-fc83-4ffb-83c3-1da7f1ab780d,train
b9da047f-ca85-40cf-9b49-e98813141e74,train
ba0b54b4-6513-45e0-a5e2-d192ca372978,train
ba4620b1-3d30-4bd0-89e8-91f6741c993a,train
ba4ffa77-146f-4c0f-bfca-d0257c110140,train
ba535067-0bf5-4550-b96a-42fb916e8b56,train
ba9bbf3e-4b0f-4681-9e78-57debf06cb97,train
bacfaf96-5c65-4f3d-9ec9-11554336adc0,train
baebc820-f4e1-4621-b6f5-cf25fa959cdd,train
bb160fc9-cd9f-4066-bee2-cae68c57a785,val
bb4b6aaf-040c-4ddf-b760-f6bedff19cc1,train
bb5839d5-50a5-4405-b4df-11cdc8d9f77a,train
bb818bc2-67af-4b0d-bd6e-be4e3c2ec38a,train
bb8b6853-7830-416d-bc8f-c3667235bc52,val
bbc524df-a6b6-4643-ac17-5382f81bde0f,train
bbc83386-b42a-4e97-b823-11425f684381,train
bc31fdbf-d6ee-4664-97ea-6f779868b7e4,train
bc4c42fc-a2cd-4087-889a-be08d4868b9f,val
bc5ee67f-5677-450f-876c-d00923b16c42,train
bc720e29-6c59-49b3-b760-a43968c5a413,test
bc95a965-210f-4eb1-8e40-606aee2320bf,train
bcbc36c5-8f8a-4c28-8dea-fdce0e1eaddc,train
bd218552-0c92-4154-9d0c-e17501d7eaa7,train
bd482f8b-21dc-4c89-9d0a-c28a6d958d15,train
bd6fb533-0f46-4f0e-866b-dcd7d72fc344,train
bd8f0073-71c5-4d2e-a753-e932a8667d82,train
bdfe1578-eefd-4554-9fd7-43ebafa0bf90,train
be121ace-b533-402d-a866-972f9474fb6d,train
be2668eb-37ef-4b0f-8713-20b14777e94b,val
be2ad589-3bf2-4aca-a6d7-bc7e275144ee,test
be64a412-f4dc-469b-b10b-c74eb5d2068a,train
be877d47-a93b-4259-b828-24aefca58bd1,val
beab8189-c07f-4845-9ed5-ab3da3d1bb4a,train
bf140283-15c6-4b7d-ba45-7f6f524da9cb,train
bf957921-1a19-4952-8ee7-8753bfe936d6,train
bff1cfe9-8048-46ea-a8e1-25195e15cb70,train
c0110f09-6079-47f7-8352-5a18ea1d9e52,train
c017e325-8091-4c5e-822c-5ed474351072,train
c027fc34-a23a-4c32-afe5-c40eefa4dafa,train
c02a89aa-3340-4f33-83e7-da8a5339654b,train
c0a1f075-96c7-4660-b0f0-45ebbcdfbbb4,train
c0a59bf7-77a9-4d19-893b-694d216cba2f,train
c0a858de-c526-4d5f-ad01-96dbbc1f76c7,train
c0ce3072-d094-4017-a871-41ca422c1bc8,train
c0d0e2c1-2a2b-42ab-82df-cf8f9c55db70,train
c0eec877-8e45-4b6a-822c-544bc1e473c5,train
c16d34a4-51a5-40c2-ae98-814a244d2afb,train
c1818c9e-2de3-4b85-afa8-72bcefa888af,train
c1c9c77e-cb5a-4aa0-9f90-82b865eb7b21,train
c1d4b1ca-de26-4693-a6db-a9bd397316ed,val
c2170b79-3dfd-42ea-9117-bd8a9467af95,train
c265be50-325d-4f5e-b52f-6f5da4d9692c,train
c2a0eba7-a0f4-42fd-bce6-60f484217544,val
c2d09d44-1e90-412c-8e81-1b9f163b631b,train
c2e9601e-9ff7-4a53-b5c7-5fa0be62288f,train
c2f1c825-e833-4487-95cd-601f33a56236,train
c3007c06-a151-4a91-8da5-ea4f6cd6c104,train
c333a3c5-a987-4352-9664-be0e102c72d5,train
c3ef2569-7e66-48bf-a93c-a3e16fa9e48f,train
c410f37e-7504-422e-b7f2-b50d350b9da9,train
c4555b8b-ae12-4b90-9f25-eea58b4542dd,train
c4cbb11d-527e-4873-85a7-53ea69a5283e,test
c5099cdb-bc95-40fc-8ba7-02aa47b6fc40,train
c523c33a-4f8a-4312-b40d-25703bc31ce2,train
c5ef918d-b374-4f44-992c-c7aaa395c919,train
c5fd6d68-57ea-479e-a235-95e2f1701e83,train
c6046be5-10d6-484d-ba9b-c933212e93c7,val
c610b81c-f726-448a-9159-3d07d40b1356,train
c6219ca0-fbe4-4b88-8a03-ce17f02855e0,train
c649c55e-dc41-4ebf-839d-29ce098ec4ba,train
c6d3f8e5-3418-482a-ab51-630dc41c02b4,train
c73b2815-bd51-4697-bc30-1a9c1df670b5,train
c77ae1a8-fdb2-483f-9a14-989fdec01f76,train
c78960a6-c158-4335-81e6-52202f381ca0,train
c792cf8e-6ea4-4886-a1a7-afaecd5ee0e7,train
c808bd6a-5ad8-475f-bf2f-97b500a53869,train
c81e2d69-e3cb-42c9-90e7-02382c6d17f6,train
c824153f-2232-4be0-b66f-c4830b6e9a9f,train
c843b945-24af-4720-baa6-e73883d72af5,val
c8b01299-7c55-4cdb-ab79-69666446f2f7,test
c8b051b5-53d2-4fb0-842c-d8ccd7d3baa5,train
c8cde8c0-4272-4c15-a4fc-8d5c79f304ae,train
c8cf0aaa-4495-4fb7-93a6-692be0a520d0,train
c8ede90f-30ed-4770-89ff-9dfa8ea8e651,train
c8f8f8d1-fa39-4507-8268-331c3fca3270,train
c937a674-b436-4e7a-b7ea-d14de2400fe8,train
c95cbe9c-7ce3-4c1f-a888-667341272c8d,train
c9ff23fc-0799-4d9f-8b0e-e40ceb229801,train
ca25dc27-1aa1-4490-b6b0-52cb4d337378,train
ca35af90-fafa-4908-9d65-503f82a80860,test
ca3c2b12-bcae-4a7c-973b-367c9835bc43,test
caba9eca-ed1a-4b27-b7a7-2bd9a064a4cc,train
cacd14fb-cae0-46e2-ac5f-57d287089ac0,train
cad24b3a-8a69-48b0-bd83-ca51aed1953f,train
cadc0b3c-edb6-4054-8ae6-b6e7e27d7391,train
cb24e99e-b79c-4e09-97fc-eab9caf17d74,train
cb508d3c-90aa-435c-9130-1f009f587661,train
cb84a654-e329-462e-bb14-ed57d2b51dc2,val
cb86cbb1-0374-4311-9d0f-a68e0f546287,train
cbaca866-b517-44b0-b78c-9aed54998da9,train
cbbe7715-42c7-4df8-a522-64ff72576b55,train
cbd46dca-4b65-421a-aa99-0c7898ec4f07,train
cbde54cc-0868-433b-aa8b-0ceb582b3849,val
cc1f50cf-2fb5-4dc9-9c38-bf248395af4d,train
cc84e59c-96fc-481a-a04f-1be92c3a48f7,train
ccabca5b-cbcb-4062-9370-7da2c53ba122,train
cd031e67-f2c3-4467-adde-d279cf895a4f,train
cd0b5ce9-7c79-41d5-b9d4-14fd70f6450a,train
cd3806f2-51f4-43e9-8569-b0a436f78de7,test
cd7f8dc3-5c68-47a8-b369-2a26631b5d5f,train
cd88c6c4-71d0-4b2f-a8d5-edbcc4adb0ff,train
cda3d7e7-7a34-4c14-9e21-8f5f2012e707,train
cdac2b07-4180-4c9a-8729-b25abe1a6572,train
cdaf694b-b023-4f75-a563-85515d916a08,train
cdc8f8f0-edbe-4cc0-81d3-086cd59af1c5,train
cdf97c74-4803-4da8-8af2-cd5b789ac61c,train
ce3ce6ad-8174-4cee-91f1-b071faf07f9f,val
ce4efa1e-e48d-4001-87bd-c77ce14ada8a,train
ce66ee04-0684-42c6-aeed-7fd22cb788c6,train
ce9cd2db-736f-4d60-b893-0f7bdbbe1458,train
cea02259-bbfe-4d9a-93a8-862f967dd77d,train
cec08f77-6031-4a14-a8e5-934a7434951b,train
cf0a56dd-32cd-4b29-83db-e1bf5714cc67,train
cf27af87-f2d8-4daa-81a2-b528fc997131,train
cf9aff0f-8a80-42f6-a393-3b5e8334b0c9,train
d090ec86-b0bf-45d1-b644-1a2ce9324284,val
d107c2a8-d5df-484e-924f-1dc614d6991e,train
d11031b5-4a4c-49c6-afe1-b0a34c3dcfac,train
d1635a83-247b-4d1c-bd00-b67d2a8bff9e,val
d16efe2e-e7e4-4a52-9da4-5aa11b9da22b,train
d174743f-69fe-4e93-8991-c77a7e30052c,train
d1ac529a-6a8d-4e71-a0f9-4d075524f03c,train
d1adbe05-35a0-40bc-b00c-68e63f78bcd3,train
d1c0c376-5427-4009-b2a0-5b3ef46ed442,val
d2b3c806-e362-4081-9f67-d270f67da414,test
d31188a5-7bdb-48de-9904-fed44f83ff2b,val
d32cef01-2783-4c4f-b37a-468002919066,train
d3378864-ffd1-42ff-a68f-998564eadee4,train
d33ec9ef-2c6d-4df1-868f-b381289ed122,train
d35309b6-94ab-49cf-a3c3-70749a2a764f,train
d35aa2be-60c0-454a-b3eb-4c4459152e2a,val
d375bac9-63b6-4b6e-b583-9878df42837a,test
d389feaf-5964-45ea-998e-570a0cc3ff1b,train
d397d5ba-e80c-4edd-87d5-37000a3544a5,train
d3eb1290-45ef-495b-80db-2aa67f071b33,train
d3f18e6a-53a4-4809-a465-53f51df434ea,train
d41d8151-635f-4a17-822f-f0c8946a93e8,test
d43112b7-325e-470d-8499-6a3a56f69719,train
d49b3500-9c7c-4c33-abc2-13f4e4930793,train
d4b08537-7aa1-4b53-8593-8943192ff22c,train
d4e851f2-b4d6-4d10-af57-9427b365c245,train
d5cac0d5-d5cc-4c1e-ac45-7564184dbbbf,train
d5d71009-f022-410f-af9a-b77df7e07ce1,val
d5df25e2-74b5-45c5-96ba-5ed6f696979d,val
d5fffef7-9e46-4c3c-b1ac-ba63287a2e70,train
d60cbe03-fcb7-4116-8a03-ac0a49fbe242,test
d6620a28-79d0-4324-8c91-18b5cfa1c277,train
d68bb472-a187-41f8-a6a6-599af84f128a,train
d6bd953e-4789-4463-b9f7-590149562f59,train
d6cdbdd2-e914-47f6-a205-9fa6b57cee27,train
d71496a4-3ad8-4a2a-9bd8-9e507c4938d2,train
d7205c40-c0f7-4bc9-a23d-6c3e42fcbe3d,train
d76daa10-c948-41c3-a9d0-84856a3f9bc3,train
d787456d-c75c-457f-a43a-84ba7251206d,train
d8104fba-cc56-47b5-8888-43d3af360d2a,train
d84844c2-bc2a-485a-87dd-95149e816f61,val
d8632c5e-37ac-49fe-b7b8-40e634780728,train
da27b6fe-5f7c-4376-ad6e-defaf17586b8,train
da2ed74f-0590-4e3d-b5bd-c0873e2cc0b2,train
db2852fe-bbec-4288-b3e4-92e3904b7744,val
db405f79-41a3-4fb3-87d8-f803c2c6637d,train
db57cf51-12d8-4034-a553-0535a0d6a6b5,train
db90ffc4-f5da-4087-8743-f4c5c4dbe6d3,test
dba233d4-4861-4be1-8a1b-0efec0701d18,train
dbae00b9-d68b-4168-934c-4b47f892e249,train
dbe26db3-e83f-47ac-bcf5-b25172ab0fbe,train
dbf3f769-c2ed-4033-a4f2-6c33ad7250ac,test
dc2ffcc0-6e2e-4faf-9c55-8cb7d45b3b87,train
dc4a7dcc-d511-43d0-a8fe-3453316a5426,train
dc4b9cd1-6bc7-4546-a75f-468a0a5a49f5,train
dc5ddd8a-135d-4fb8-8390-eb1bd50b6838,train
dc690498-7f1b-484b-b80a-743e792aa693,train
dca1f86c-30d6-4e5c-be56-294196cf6038,train
dcb56a78-b557-41be-8b10-e74e5a009b58,train
dcfd2844-d155-4687-b620-6380e9acf8ec,train
dd7eb73d-e402-4041-82e2-a82f209b9601,train
dd8077f3-8df7-4fb1-b05d-c843ff57a52c,train
dd9fc1da-d188-4c11-b5b7-c254f9a65580,val
ddac73b8-9774-4f3e-9ea8-24f8af17d525,train
ddd1603e-f4cc-4467-9dc5-ecf32d55aa7d,train
ddf61773-6848-4a49-a328-c38a08f99c68,train
de03a7c1-1d8f-4d99-af98-a8c56135add7,train
de14c4ba-2ead-46f6-9e57-b685c0ea2eae,train
de40d179-37f0-442e-8073-b120ad13e4af,val
de64f83d-2cf6-4d20-be70-ba23caacf27a,train
de692064-84ea-42f1-a7de-b44e7c2c9d8a,train
df01070f-20b2-460b-8d4c-32dd5e8de580,train
df98f17f-3531-4861-8d97-ef0a1eecba97,test
dfb9a974-a198-48e5-a5ff-577e60e721bd,train
dfbba1f5-5078-45fa-9953-f9a2fc342700,test
dfe0a240-0300-4d20-b255-730786280944,train
dff69b31-fad1-4a8b-8ddd-e0b7b6171ad9,train
e07a34ce-dc95-45a1-aa32-df35f12cce70,test
e0b86077-3f12-41ce-bb23-98883a64727e,test
e1c6d63a-2240-4a74-99da-5eb623f27687,train
e1e533b6-8b68-43aa-b99c-dfc088782687,train
e1eeee45-d0fd-4bcc-9d7b-6e3760dc8dd5,train
e2305c5f-4d35-49fc-a365-6815d8c89dfd,test
e25f4642-d111-408b-a305-83c2ed4b5749,train
e2c17016-537a-4bfb-bd36-84b9a2c24e86,train
e32069c9-7540-4176-8eb4-bbff2168fc95,val
e321a02a-3594-48f0-95f0-cd949f6cdae5,test
e35a8694-e76b-458b-9c61-0c932b3f52b0,val
e3a0e1f2-5623-48d0-9fa8-b7f9fc300578,train
e3b8b28c-80d6-4a65-b1f3-b585a9ab0b1f,train
e3db302a-65cd-4e97-9a4e-0c7fa2aa1bf4,train
e4311770-16af-4b61-83ef-10650784d1c8,train
e46ce886-6fb7-441d-904b-2d2d16aeda64,val
e496682b-4244-49e4-8f0d-f631e9dac20d,train
e4b4668b-fb6c-466a-b207-6023f2282915,train
e4c3ae7e-408c-46d6-ac5b-50108f27630f,train
e5299795-b887-4d99-842d-3216799dd027,train
e532e9cb-b8b1-4d82-877d-d6eb38cf0d9d,test
e5e4793b-fac5-4a1a-9277-61d5e860878f,train
e5ef820f-9632-4700-bed8-6d66add9d8a6,train
e5fa0dc3-04b3-4577-95b1-2bf300ccb914,train
e6015211-e0cc-4e84-86bd-2dd373dc64f8,train
e604b0b3-6f32-4884-86ea-26b2759f7626,train
e6168713-db4a-4152-b30c-158bdc95eba0,train
e6302ad0-ccff-4624-9649-865de3c9cce1,val
e63080f2-ebcf-4fa6-8816-9aceff114f93,train
e6959ea4-1d42-4c83-af7c-da00b7ca0ec0,train
e6e31912-faf3-4392-8ecb-125da776b044,train
e6f65e43-b66e-4179-948e-4c7aaf84f931,train
e72156d8-a311-40c9-b702-c35c17c80bb1,train
e7585526-5a1d-4b29-993f-cf25c70b09a5,train
e79b2461-0b11-4eb1-bc66-02f18a48e24a,train
e7b4a042-8f23-4876-8218-8dfef9ddd27f,val
e7ef7db1-d3cf-4559-b898-c077e3dc8433,train
e802060a-bd91-4363-abaf-b7af70e2b7be,train
e8284791-a541-49a6-ae86-89637297c37d,test
e83601db-623a-40ce-a931-0ed068f689e2,train
e84879eb-50f8-4487-844e-9077b77c6fd3,train
e84fd7dc-8898-4641-a45c-84e7331f97ff,train
e8bcb38b-f1b0-4f38-9ff9-08419bc2e51e,train
e8c7ec3f-d81c-4c59-8981-581114f6a388,train
e8d00ee7-1359-4232-90d7-31f4b3c2be2c,train
e8fd0767-8f22-4cf5-a193-ea364e8a75e9,train
e9072daa-0926-4e9c-bf97-d054bd338a91,test
e91a16d2-85c3-4541-8ec1-799f7eca973f,train
e98b9209-f25b-4ada-ad4d-567cddc8a33b,train
e9a0be02-1394-4406-bb9f-65a274783130,train
e9c189ac-5aaa-4cc9-b8c2-e2d2ca1c33db,test
e9d0157d-8292-4117-b616-476171213b26,train
eacf24b0-3e2b-477e-99a6-3ccf054b457c,train
eadbe4e9-7e19-416f-9bde-2a8187f07574,train
eafa6110-41eb-432d-9297-71a06a987644,test
eb560438-127a-41ab-912d-a7822f0bef7b,val
eb5a5984-a69e-4f9c-9d61-d525d5f0fd98,train
eb977aeb-142c-4d8e-aca0-deabcafdc799,train
ebc5a6de-901b-403a-b4e9-cc3d4aa731a0,train
ec088899-f9bd-432a-849a-3d503f7b6881,test
ec12bde2-d457-473c-8b13-e4b287c40240,train
ec440a8c-7680-42a6-827e-6d20fe1e32f6,train
ec5d0e1b-da1c-484e-9a54-b9802e1fe8d6,train
ec941845-2516-49ae-94ab-ab853de8ae87,test
eca9bb8c-1ca3-4534-b3e7-873458a0d493,train
ece24ad4-f1fc-4506-9be0-dc62abf9d6fb,train
edbf6d1d-e790-40c1-9b26-62836ba699a8,train
ee11a52c-2bef-4144-8cbb-dff87b3b92da,train
ee295253-1680-41e8-8d88-72f9c4ac76a5,train
ee56a259-0987-49dd-9b7d-d84a9cdd6837,train
ee6856a7-904e-4ce5-9f32-6a336771889c,train
ee686113-94a5-434c-9e07-54169a29d533,train
ee90f105-a77d-41f4-bb60-5306844f43ac,train
ee96de1a-0af2-4b0d-871f-6cd9f3df5c35,train
ef2d324a-51fa-47f2-870e-0078233b8a13,train
ef5f7793-49b8-465d-bc8b-77a47c144c28,train
ef5fd0b4-6993-4531-a0e4-08e52dd6f192,train
ef676998-307f-4a55-ab62-727619a71329,train
ef717e8d-08f4-4f39-9c74-56cf8bf9b774,train
ef9f236a-f71c-4aa2-9a49-fd9a2809e89b,train
efabcedc-842e-4123-b3e5-e9ff78b7a0cc,train
efc1a27f-2f33-4f03-8cf6-5088d9ab3e62,train
f016e3a6-7258-4614-9e9f-e48ba93f9fd3,train
f020d673-eabf-4283-8325-49cebedbe07b,val
f044ac32-965c-46db-bf92-b425bdd3354a,train
f057ce94-d460-4f21-8cfe-578d2382d6b9,train
f0f427a1-bb9b-4477-987f-7f8e87bb5d4b,train
f15e6eb7-d1cf-4118-a069-85cd8a7c8f29,train
f19bc108-e8ed-44dd-8d68-bc45d292ffbb,train
f1f85d0d-6069-43ca-a7e2-147d89310444,train
f1ffa720-2fdf-413b-8494-e683157b538d,train
f27dd6d3-3f07-4299-b356-bd138f69fe3f,train
f2c01c47-0b26-48ad-a4b7-b2d3ec513329,train
f2dcaafa-2afd-41e8-b4be-9f7249bb5270,train
f2f51679-cf14-4b8b-a2a0-63aa7c84a4e1,train
f345bd25-2e15-4e52-9dc8-10c5c87fb3ec,train
f398aa6a-1e5f-447d-b589-2cdc1f6f4948,test
f3b245be-973a-4f09-9da7-fe5b47a3813a,train
f3bc3c53-1418-4938-b9e0-f57240adddb4,train
f460c40f-51fe-4948-9807-5c8aed6090ea,train
f4a3f0ea-e6a9-411c-9f81-99d13e481246,train
f4b60944-d2b9-479f-a182-d09856c0eb74,train
f4b8c06f-30ed-4021-9a1b-a7fdae767c4e,train
f5089583-73e3-4fa0-81fb-07ceb136548f,val
f50c3da6-c213-4acd-b2fc-2ae4d0784a0e,train
f512b590-1676-4517-a470-1541b7a37fb1,train
f515ec97-df8d-45be-aad4-36872ce97b58,test
f53b9d71-736d-4e7a-899a-e7769d94d765,val
f59fb516-03db-4964-98f6-64b9f427084c,train
f5d77463-4c39-4d70-ab34-5f4c2c0657e1,train
f5ed8459-b0c5-45a2-ad97-7682e1f03e29,train
f5f154ec-72b1-471b-9561-3a85c60ef6d0,train
f5ff7706-e64e-4d1f-a581-fb540f9fa28b,test
f613ce07-e088-4e69-98d7-5ba330f75b94,train
f650d89c-d251-417f-80eb-d18d3aebd709,train
f66d8b67-5afd-4248-9b5e-d8c754cbeabd,train
f6765629-0ae9-4390-b610-c56696072ff8,train
f67696a4-e206-45f5-8d8c-ff107988d387,train
f699ab06-c800-419f-bbee-0c6c2a86ea6e,train
f6df8ac0-2f36-46f1-9acf-375c3109f0a3,train
f711f675-c48b-4410-80f1-cb031a9e95f5,test
f72d25a3-b865-4c81-8fe7-e4168bc5d495,train
f74d91a8-c14c-45ce-9f68-83b561ee5225,train
f7848c3b-0d6e-474c-aba6-c80d42c1e1d3,val
f79a195a-8b63-44cf-8299-68c9230f9ce3,train
f845662f-611e-429d-802a-5fede7a99241,train
f86d1a3f-b93d-492b-9b95-a89d889dba7a,test
f87675c1-4980-449f-ba6e-05e2213466fd,train
f8ce32c9-160b-489d-a789-f49f426ec327,train
f8d80e12-6941-48d0-b8c3-7cf2f882c563,train
f91f5880-4e71-4c0d-ba67-8f7a3f5ba5e6,train
f92e5c40-bed9-437e-a103-8c71ee53108f,train
f95627ca-c233-4a9a-a599-37b5aa63e63e,train
f95f9386-72cc-4b2f-9e6c-47f9166d1457,val
f9d42365-38a1-442f-a11c-fb0f89687672,train
f9d9aa6e-f29f-4897-a035-986fcf603d6b,train
f9e4a6b5-db8f-425e-9d06-b72afd70c480,train
fa4a0159-49ba-41c5-8c68-94d8102875a4,train
fa5a6447-9b5e-4a6e-8dc2-7b8fbedb809d,train
fa7a4a76-9406-4e37-b27a-61f2d6a0a808,val
fa91f3e2-32f0-4e57-b7d3-8e9a81600043,train
fa9d2cfe-7c73-4234-bb41-1342259045a9,train
fb2343d7-8456-44b3-abaf-bdf4ab3bb87d,train
fb550c41-4cda-4d49-a4ba-ad161b5d52b7,train
fb5e5830-8950-43e5-9a3e-3a9ec3b7830d,train
fbce9c2c-edca-406d-b521-0dbc2eabbef4,train
fbfc9a21-5006-4fef-8f2f-a811baf955ac,train
fc51002a-b98b-4a1a-9339-bc8c721b3a5d,train
fc76fac8-05d0-40f2-ab7c-5fa89561f967,train
fcab11ce-6bf5-4abb-bf30-799e04eabb2a,train
fcb70f2a-3cb3-4eb0-9e99-3fcb92bac04e,train
fd5088c3-b1d7-4d60-8287-20cea734dddc,train
fdf6437e-df39-45f0-a6be-b5b2506353f8,train
fe066048-7c23-40ec-9851-cb00d08ee552,train
fe59b0f8-7bff-4ba5-87d2-1efce9fd573e,train
feb65f3e-3c3b-4cd6-bd90-492c95a8c5d9,train
fedd1ef5-55c9-43ba-a418-fca8631ca849,train
ff1d49b6-1015-4b75-ae60-b7043b7eefc5,train
ff389f65-a299-4ed7-9e02-18e98983c89c,train
ff4b28de-8f53-40c2-8f84-7bf3cc2d0c53,train
ff523785-5c08-40e7-9a17-e25f9936ca2b,train
ff9113bf-8b8c-4e7c-840c-85077a7cfede,train
ff9bcb93-c843-4193-97da-7c48d90df3bf,train
ffabeb6c-589b-4b01-a3df-126e6ac027ce,train
ffac3748-77be-40ce-969f-5edc0a448862,train
